058f86a9-4016-49e0-9b95-6be16cf60e0b,2024-03-01 14:19:18,https://api.example.com/products
1a8bdec2-a200-4d79-9091-8f950d528359,2024-03-01 16:45:35,https://api.example.com/contact
1a8bdec2-a200-4d79-9091-8f950d528359,2024-03-01 16:47:16,https://api.example.com/home
1a8bdec2-a200-4d79-9091-8f950d528359,2024-03-01 16:48:11,https://api.example.com/contact
1a8bdec2-a200-4d79-9091-8f950d528359,2024-03-01 16:50:15,https://app.example.com/home
1a8bdec2-a200-4d79-9091-8f950d528359,2024-03-01 16:51:15,https://api.example.com/home
1a8bdec2-a200-4d79-9091-8f950d528359,2024-03-01 16:54:17,https://app.example.com/contact
1af81360-1632-40a6-a5fd-5c6de537fe39,2024-03-01 15:17:36,https://www.example.com/products
1af81360-1632-40a6-a5fd-5c6de537fe39,2024-03-01 15:19:09,https://www.example.com/contact
1af81360-1632-40a6-a5fd-5c6de537fe39,2024-03-01 15:22:12,https://www.example.com/home
363304b5-c0b2-4895-9171-e86f82ce40a8,2024-03-01 13:00:32,https://www.example.com/home
363304b5-c0b2-4895-9171-e86f82ce40a8,2024-03-01 13:00:48,https://app.example.com/products
363304b5-c0b2-4895-9171-e86f82ce40a8,2024-03-01 13:02:07,https://www.example.com/contact
363304b5-c0b2-4895-9171-e86f82ce40a8,2024-03-01 13:03:36,https://www.example.com/home
58bf955b-dc96-4977-9169-2ef3e61241fe,2024-03-01 12:17:22,https://api.example.com/products
5d3ebf9c-d425-4123-a4cd-1f8745201186,2024-03-01 16:00:36,https://www.example.com/products
5d3ebf9c-d425-4123-a4cd-1f8745201186,2024-03-01 16:01:33,https://app.example.com/products
5d3ebf9c-d425-4123-a4cd-1f8745201186,2024-03-01 16:05:01,https://api.example.com/products
61ad4a9b-3330-40e9-9532-bbd7fc1dd0a7,2024-03-01 15:00:27,https://api.example.com/contact
61ad4a9b-3330-40e9-9532-bbd7fc1dd0a7,2024-03-01 15:02:05,https://www.example.com/home
71824811-0b8a-4f7e-9cdc-52f71d026de6,2024-03-01 15:45:38,https://api.example.com/contact
71824811-0b8a-4f7e-9cdc-52f71d026de6,2024-03-01 15:50:02,https://api.example.com/home
812a9c1f-a662-46f8-a2cc-9e82b776aeab,2024-03-01 16:31:01,https://app.example.com/contact
812a9c1f-a662-46f8-a2cc-9e82b776aeab,2024-03-01 16:36:29,https://app.example.com/contact
8bdbc653-6ae5-4561-be6f-b8e8191e3059,2024-03-01 12:45:05,https://app.example.com/products
8bdbc653-6ae5-4561-be6f-b8e8191e3059,2024-03-01 12:48:11,https://api.example.com/home
8bdbc653-6ae5-4561-be6f-b8e8191e3059,2024-03-01 12:51:56,https://api.example.com/home
997e258b-b4fb-4d75-938b-d5cc3685c4ce,2024-03-01 13:15:59,https://api.example.com/home
997e258b-b4fb-4d75-938b-d5cc3685c4ce,2024-03-01 13:17:36,https://www.example.com/products
9e142c8d-3e9d-4b34-bf3e-44374d2a9b26,2024-03-01 13:47:52,https://www.example.com/home
9e142c8d-3e9d-4b34-bf3e-44374d2a9b26,2024-03-01 13:49:19,https://app.example.com/products
9e142c8d-3e9d-4b34-bf3e-44374d2a9b26,2024-03-01 13:49:21,https://www.example.com/contact
b1caaf63-ed91-4ef1-ab05-3afeebaa3518,2024-03-01 17:06:10,https://api.example.com/contact
b1caaf63-ed91-4ef1-ab05-3afeebaa3518,2024-03-01 17:07:18,https://www.example.com/home
b792f134-661e-4bb3-8a04-f62e8559526f,2024-03-01 13:30:52,https://api.example.com/products
b792f134-661e-4bb3-8a04-f62e8559526f,2024-03-01 13:32:17,https://app.example.com/home
f35f0921-a0f0-48d4-9f18-a392ca3684b0,2024-03-01 15:34:09,https://www.example.com/products
f35f0921-a0f0-48d4-9f18-a392ca3684b0,2024-03-01 15:34:56,https://api.example.com/products